kp,force_N,defl_l2_rad,q_delta_from_contact_rad,q_delta_from_home_rad,q0,q1,q2,q3,q4,q5,q6,q7,ctrl0,ctrl1,ctrl2,ctrl3,ctrl4,ctrl5,ctrl6,ctrl7
3.0,0.5949966679438768,0.040568748696138884,0.017847747687429947,0.12432978448526391,-0.09283646066806014,-1.5557381403823567,0.06729618484247624,0.7998639754605078,-0.19775548605889615,0.3688415366338163,0.8638966071769613,0.4631965500942229,-0.08984220766780994,-1.576492754510472,0.06698637181287097,0.800199040270967,-0.17246258371987871,0.3863568266778482,0.8786618221299096,0.4696283222395237
3.0,0.9955326358076482,0.04662041543297821,0.01935672679099023,0.1253530974033343,-0.09300586717845205,-1.5554453152131764,0.068617178526265,0.7999486956457521,-0.19758879094937895,0.36947601009913833,0.8635902182563764,0.46258767706373805,-0.0902686537037782,-1.5753671347466935,0.07276188129079195,0.802303358662123,-0.17250347597676846,0.39472462616389725,0.8837116461137275,0.4712324098881407
3.0,1.4664125168491366,0.05429155187277958,0.02001254798099354,0.12583598494551432,-0.09320241915450031,-1.555130128683263,0.06903203551349023,0.7995695612012974,-0.1973027701209643,0.3701914472681671,0.8632858123461634,0.4619820171747047,-0.09069509973974646,-1.5742415149829148,0.07853739076871293,0.8044076770532791,-0.1725443682336582,0.40309242564994635,0.8887614700975455,0.47283649753675766
3.0,2.0735626815795,0.06701691980604371,0.023152003524478888,0.1278475399055632,-0.09523014516218609,-1.5508573054671135,0.06988396639361324,0.7985719326052387,-0.1958757435027581,0.3719776350478533,0.862176328687658,0.4602887821435661,-0.09126369445437081,-1.5727406886312096,0.08623807007260756,0.8072134349081539,-0.17259889124284453,0.41424949163134517,0.895494568742636,0.47497528106824694
3.0,2.5429845507133924,0.07655390797669583,0.024013635680747727,0.12837643397335213,-0.09547489640093319,-1.550494278511557,0.07029359440027809,0.7981901634981149,-0.19560916340330786,0.3726716564953131,0.8618612538657003,0.45966891067585763,-0.09169014049033908,-1.571615068867431,0.09201357955052855,0.80931775329931,-0.17263978349973427,0.4226172911173942,0.9005443927264538,0.4765793687168639
3.0,2.987049562847843,0.08660748282338834,0.024602319766964784,0.12874650878146307,-0.09561958640801999,-1.5502939268790903,0.07060510135012342,0.797899889446247,-0.19551921926244437,0.37312686856694877,0.8616603576589307,0.459221640568107,-0.09211658652630735,-1.5704894491036523,0.09778908902844952,0.8114220716904661,-0.17268067575662402,0.4309850906034433,0.9055942167102717,0.4781834563654809
3.0,3.596310111065899,0.10032925475628861,0.026191745969923196,0.1295027316037629,-0.0960424798362125,-1.5497386132005093,0.0712156156769085,0.7971835527074226,-0.19476253502201393,0.3743393826356818,0.8609434408536981,0.45804718953472284,-0.0926851812409317,-1.5689886227519474,0.10548976833234416,0.8142278295453408,-0.17273519876581034,0.4421421565848421,0.9123273153553623,0.4803222398969702
3.0,4.06375581968177,0.11550340948383493,0.02939164701579286,0.1316160628530874,-0.09895712120423689,-1.5439725778757543,0.07201081241825906,0.7964205553773054,-0.1939072008218574,0.3726905943674288,0.863380458513342,0.4581520085818761,-0.09325377595555605,-1.5674877964002423,0.11319044763623881,0.8170335874002156,-0.17278972177499669,0.4532992225662409,0.9190604140004528,0.4824610234284595
3.0,4.519264887484834,0.13829228558726392,0.029444028470083223,0.1309128138926828,-0.0992203982354822,-1.5440672269051448,0.07284067452356628,0.7954142266649694,-0.19394247176325352,0.3651148640597701,0.8723825075158027,0.4608939276067962,-0.09410666802749257,-1.565236556872685,0.12474146659208077,0.8212422241825278,-0.17287150628877615,0.47003482153833903,0.9291600619680886,0.4856691987256934
3.0,4.9579144784585365,0.1629884523374349,0.035965194749377025,0.1322153391976159,-0.10045402273480655,-1.5422539922350305,0.07374254190934845,0.794362586840224,-0.19398999632121852,0.3566686663100572,0.8823390455247637,0.46403163121729035,-0.09495956009942909,-1.5629853173451274,0.13629248554792273,0.8254508609648399,-0.17295329080255564,0.48677042051043723,0.9392597099357244,0.4888773740229274
3.0,6.047008080670986,1.1050597718767925,0.4218504669885893,0.43702749232250787,-0.144755840060056,-1.4518091247503957,0.011717639146500463,0.9381759446433714,-0.19616500080732455,0.12577936941666426,1.133159739445518,0.5735523747688022,-0.12509507997451969,-1.4834415207047638,0.5444284886543387,0.974156027273203,-0.17584301028943103,1.0780949175245726,1.2961139381255227,0.6022329011918601
3.0,6.972618792806568,1.3890347194977937,0.6084349863330679,0.6152420644098726,-0.15177576583702054,-1.4416601994469613,-0.0006458422093060047,0.9683118451448989,-0.19608279408457568,-0.00047405958405511616,1.274024886091259,0.6004420953902433,-0.13248681126463624,-1.4639307781325992,0.644537319604969,1.010630879386575,-0.1765518094088533,1.2231367752827567,1.3836442205116997,0.6300370871012211
3.0,7.92827573633344,1.488685625642514,0.6152207210059822,0.6230207192370376,-0.16419156423002174,-1.4259179297198623,-0.0013039079599296872,0.9777606181314876,-0.19646390176939643,-0.0004782561078195073,1.267902700473151,0.6152082655931504,-0.13646697426700669,-1.4534249936706645,0.6984420747322314,1.0302711843706984,-0.1769334704731576,1.301236237152548,1.4307759110273333,0.6450085718216461
3.0,8.938334086150618,1.589640403456719,0.620831560557121,0.6292105839561776,-0.17357301274786846,-1.416920951788213,-0.002156786474438094,0.9860707787932738,-0.19678757906430724,-0.00048683854152512006,1.262001892590269,0.6295276451317972,-0.14044713726937713,-1.4429192092087295,0.7523468298594939,1.0499114893548218,-0.1773151315374619,1.3793356990223395,1.477907601542967,0.6599800565420711
6.0,0.5014926810191483,0.01929698611286188,0.009463120216726167,0.11501757419176085,-0.09067974263447905,-1.5677095355568078,0.05956735292358008,0.7973483702341844,-0.18526495288442563,0.36794867879006965,0.8656654462434892,0.4647606144068768,-0.08927361295318559,-1.5779935808621772,0.05928569250897633,0.7973932824160922,-0.17240806071069237,0.3751997606964494,0.8719287234848191,0.4674895387080344
6.0,0.9755488549121428,0.025256539483370564,0.015228343759800088,0.11885203807973013,-0.09105631909941907,-1.5667797303781785,0.06493769369116052,0.7992879277577845,-0.18502849464094404,0.36886499072497736,0.8653717479205922,0.46408428349320024,-0.08970005898915386,-1.5768679610983984,0.0650612019868973,0.7994976008072483,-0.17244895296758211,0.3835675601824985,0.876978547468637,0.46909362635665136
6.0,1.4857759000494586,0.03154914398207962,0.018972860046221913,0.12136793226798397,-0.09144115956519415,-1.5658526857582407,0.06824037202900185,0.8002569751290367,-0.184421611098449,0.36976744277126816,0.8649369531011998,0.4633518746857277,-0.09005543068579407,-1.5759299446285828,0.06987412655183145,0.801251199466545,-0.1724830298483236,0.39054072642087273,0.8811867341218186,0.4704303660638322
6.0,1.944243321185906,0.035779606053237954,0.019352636232279938,0.121706288279204,-0.0914712770904986,-1.5657912675674495,0.06853189091833642,0.8001008436196193,-0.1842997872471319,0.370182538670692,0.8648372845944863,0.4630724930903964,-0.0902686537037782,-1.5753671347466935,0.07276188129079195,0.802303358662123,-0.17250347597676846,0.39472462616389725,0.8837116461137275,0.4712324098881407
6.0,2.558127404775755,0.04199898904057912,0.020256125974042496,0.12236262757910527,-0.0917716179403026,-1.565089634905562,0.06904283520914825,0.7996804382946611,-0.18388510114302878,0.3710555147492568,0.8644078247761364,0.46230830839561016,-0.09055295106109038,-1.5746167215708409,0.07661222094273927,0.8037062375895604,-0.1725307374813616,0.4003031591545967,0.8870781954362728,0.47230180165388536
6.0,3.0261930532909687,0.04687483658927726,0.020792576486304733,0.1227819166923173,-0.09192838082266157,-1.5647264498357256,0.06935752641243813,0.7995159843912911,-0.18371495720275777,0.3714924889455875,0.8642709018977418,0.46198837216142774,-0.0907661740790745,-1.5740539116889516,0.07949997568169975,0.8047583967851385,-0.17255118360980648,0.4044870588976212,0.8896031074281817,0.47310384547819384
6.0,3.436393916518824,0.052478590004329716,0.022084453637824866,0.1236811570364147,-0.09314275726252502,-1.5618513439563537,0.06961806136938453,0.7993543659226086,-0.18343415463686627,0.37168724347101917,0.8642808201003579,0.461747133766086,-0.09097939709705864,-1.5734911018070623,0.08238773042066025,0.8058105559807165,-0.17257162973825135,0.40867095864064573,0.8921280194200907,0.4739058893025023
6.0,3.9907884140218295,0.06748751144873405,0.02244960333833095,0.12339394732948136,-0.09348391657770917,-1.561185724317366,0.07038760872323983,0.7987544845382761,-0.1835086200131406,0.3657744468421348,0.8712280114310258,0.46400744360486357,-0.091547991811683,-1.5719902754553572,0.09008840972455488,0.8086163138355913,-0.1726261527474377,0.41982802462204455,0.8988611180651812,0.4760446728339916
6.0,4.584437278796322,0.08364151667029505,0.025794967735280495,0.12379396665914873,-0.0938244613507875,-1.5605358500789543,0.07112617060847856,0.798149817815038,-0.18348421139188953,0.3607697969271176,0.877204632190673,0.46577474805751085,-0.09211658652630735,-1.5704894491036523,0.09778908902844952,0.8114220716904661,-0.17268067575662402,0.4309850906034433,0.9055942167102717,0.4781834563654809
6.0,5.011679388053384,0.09653641524654567,0.030363724827338113,0.12476359311958113,-0.09455286250587366,-1.5590142263020057,0.07167354978678524,0.7977116095250429,-0.1835583736971203,0.3565312574114606,0.8821808728903824,0.46737914450323914,-0.0925430325622756,-1.5693638293398735,0.10356459850637051,0.8135263900816221,-0.17272156801351377,0.4393528900894924,0.9106440406940897,0.4797875440140979
6.0,6.052979927981351,1.1099192709801557,0.4265023361841899,0.4373332404566143,-0.13270097889031213,-1.470401900040032,0.00039402051296579156,0.9562401065180359,-0.18633589427992925,0.12578887007694178,1.1281952139465958,0.5879214583678493,-0.12509507997451969,-1.4834415207047638,0.5444284886543387,0.974156027273203,-0.17584301028943103,1.0780949175245726,1.2961139381255227,0.6022329011918601
6.0,7.030229801257906,1.2463699967183992,0.6023954490384497,0.6061853140769976,-0.13472721575165594,-1.468038655959813,-0.0006954656981834908,0.9601235299529075,-0.1862737157121489,-0.0004616033758716944,1.2780437816753754,0.5932104999573032,-0.12665871543973664,-1.4793142482375752,0.5656053567400489,0.9818718613741086,-0.17599294856469344,1.1087768489734193,1.3146299593995217,0.6081145559034558
6.0,7.990939806973208,1.2914013791144248,0.6041149814561462,0.6080857472263617,-0.13815189084740645,-1.463964946356729,-0.0013917863388963991,0.9639954931575262,-0.18626109048877398,-0.0004841257940083059,1.275361168108546,0.599814822093621,-0.12850664826226577,-1.474436562594534,0.5906325644777065,0.9909905744024516,-0.176170148344549,1.1450373134129652,1.3365125299960658,0.6150656023807959
6.0,9.008746186127397,1.3474518143313734,0.6075117513047917,0.6118733346177848,-0.14445393538040946,-1.4549249070178958,-0.002268596843359315,0.9696590546057673,-0.1865197579152408,-0.0004760894913737001,1.2716319828991043,0.608748276654267,-0.13078102712076317,-1.4684332571877141,0.621435281693285,1.0022136058219506,-0.1763882403812943,1.1896655773385605,1.3634449245764282,0.6236207365067531
12.0,0.4737177748120749,0.00957238465756128,0.006373025037531381,0.1118647633258591,-0.08974607772925496,-1.573436165479452,0.05656549780742407,0.796309889911083,-0.17893779414220531,0.36759953543895396,0.8664542536305977,0.46540741763464827,-0.08906038993520146,-1.5785563907440665,0.05639793777001584,0.7963411232205141,-0.1723876145822475,0.37101586095342487,0.8694038114929101,0.4666874948837259
12.0,0.9318065070648346,0.013365238859247962,0.010786543449773957,0.11475058063217751,-0.09149990912113729,-1.571403284608601,0.06087043143660168,0.7957979122452159,-0.17872407990867958,0.36823144741978553,0.8663690972835913,0.4650758951866935,-0.08927361295318559,-1.5779935808621772,0.05928569250897633,0.7973932824160922,-0.17240806071069237,0.3751997606964494,0.8719287234848191,0.4674895387080344
12.0,1.5463851724324091,0.017288681747594806,0.013360436771645823,0.11676357369499234,-0.09031679397449355,-1.572111445399341,0.06313361745074944,0.7986890758701454,-0.17848362632955073,0.3690360835172267,0.8662374018914768,0.4646257310722945,-0.08955791031049776,-1.5772431676863246,0.06313603216092364,0.7987961613435296,-0.17243532221528554,0.38077829368714877,0.8752952728073644,0.46855893047377906
12.0,2.0113983532427735,0.021390094370600448,0.016463151002531165,0.11891178935194101,-0.09045627676549212,-1.5716297207980654,0.06597607936759466,0.7997497556993475,-0.17822551703839096,0.36964424335767504,0.8660926540880327,0.46425399677303913,-0.0897711333284819,-1.5766803578044353,0.06602378689988414,0.7998483205391076,-0.17245576834373041,0.38496219343017335,0.8778201847992733,0.46936097429808754
12.0,2.5233196501317146,0.025847289491484658,0.018779861148437434,0.12054966371020194,-0.09077890554011504,-1.5708033721746872,0.06813871863026075,0.8004256048657842,-0.17799526351961203,0.36962943245706764,0.8665335487826183,0.4641406403591512,-0.08998435634646602,-1.576117547922546,0.06891154163884462,0.8009004797346856,-0.1724762144721753,0.38914609317319787,0.8803450967911822,0.470163018122396
12.0,3.080956563772989,0.03282593005271048,0.01923924554524316,0.12061811577238396,-0.09094845522545274,-1.570350517568528,0.06871432493590815,0.8002250667688234,-0.17799365946804876,0.3671214432255204,0.8695434426527888,0.4650360170861462,-0.0902686537037782,-1.5753671347466935,0.07276188129079195,0.802303358662123,-0.17250347597676846,0.39472462616389725,0.8837116461137275,0.4712324098881407
12.0,3.5862277811624246,0.040930828473497,0.020917761688004247,0.12085478084854541,-0.09131423274300926,-1.5694250323955514,0.06928775572866977,0.800015690709301,-0.1780445883712899,0.3639362437567976,0.8732482750353134,0.4662760385649999,-0.09055295106109038,-1.5746167215708409,0.07661222094273927,0.8037062375895604,-0.1725307374813616,0.4003031591545967,0.8870781954362728,0.47230180165388536
12.0,3.9882588879937195,0.047191788945203185,0.0226439501288145,0.12113886692764188,-0.09151863657415439,-1.5689141108241855,0.06970347584022457,0.7998508477940739,-0.1780571763988873,0.36180550907701914,0.8757621772819814,0.46706863662721093,-0.0907661740790745,-1.5740539116889516,0.07949997568169975,0.8047583967851385,-0.17255118360980648,0.4044870588976212,0.8896031074281817,0.47310384547819384
12.0,4.405276208560913,0.053611796983818634,0.024867736171656385,0.12169599846554689,-0.09208763881658748,-1.56754063664493,0.07011341231667416,0.7996977937944045,-0.1780770526226269,0.3598316926568674,0.8781070497873916,0.46779093864005544,-0.09097939709705864,-1.5734911018070623,0.08238773042066025,0.8058105559807165,-0.17257162973825135,0.40867095864064573,0.8921280194200907,0.4739058893025023
12.0,4.936016817965581,0.06239418293673163,0.028099724795177073,0.12228976717066957,-0.09229564703387541,-1.5670468739764862,0.07062262554551661,0.7994623897103738,-0.17812105437375994,0.35684222523304376,0.8816025704061393,0.46892940109046494,-0.09126369445437081,-1.5727406886312096,0.08623807007260756,0.8072134349081539,-0.17259889124284453,0.41424949163134517,0.895494568742636,0.47497528106824694
12.0,6.006211119048989,0.8809340087572199,0.4157832804135158,0.42468794924521414,-0.11852506590506838,-1.5020596939619875,0.014986193687102826,0.920286369626138,-0.1803045733726971,0.11904772550676773,1.1484989442645037,0.5608130459209492,-0.11599756454053006,-1.5074547423320435,0.4212176197920244,0.9292639015952067,-0.17497064214244978,0.899581861822192,1.1883843598040742,0.5680123646880314
12.0,6.978074506145518,1.1820996182774752,0.5898400122862778,0.5928826396638247,-0.1282374502976003,-1.4799192123264413,-0.0008921266929266417,0.9581755873218549,-0.181136753710596,0.006876996510629644,1.2700042944211454,0.5924315164953667,-0.12424218790258315,-1.4856927602323213,0.5328774696984966,0.9699473904908908,-0.17576122577565154,1.0613593185524743,1.2860142901578868,0.5990247258946262
12.0,8.06961871497247,1.2108200418438215,0.6016433010391262,0.6045140048050774,-0.13008038211889447,-1.4768352709974775,-0.0014714119595483734,0.9608096879225484,-0.18100619107382285,-0.0004762602308482341,1.2778601202100393,0.5949995745649598,-0.12516615431384773,-1.4832539174108008,0.5453910735673255,0.9745067470050623,-0.17584982566557933,1.0794895507722475,1.296955575456159,0.6025002491332963
12.0,9.002607413435543,1.2401216625831988,0.6030065661148405,0.6059797585601321,-0.13217578058887428,-1.4736679677094142,-0.0022846090596380484,0.9641475527516558,-0.1811242950806313,-0.00047298118322870335,1.275940218345688,0.5996017590090629,-0.12637441808242447,-1.4800646614134276,0.5617550170881016,0.9804689824466712,-0.17596568706010027,1.10319831598272,1.3112634100769764,0.607045164137711
24.0,0.5662428594403937,0.004974989965080487,0.005682936841597655,0.11086300861353546,-0.0893347634235177,-1.5761699745427327,0.055445266543915316,0.7959532609395964,-0.17558126163334892,0.3675752905719129,0.8668277400202354,0.4656671154410889,-0.0889893155958734,-1.5787439940380297,0.055435352857029004,0.7959904034886548,-0.17238079920609922,0.36962122770575,0.8685621741622739,0.4664201469422898
24.0,0.9934172842385638,0.006383465470158812,0.007108814311929044,0.1119999896145906,-0.08942760830594532,-1.575934211356012,0.05687264583336532,0.7964725751020794,-0.17555019652061987,0.3679820390921983,0.8668738487322484,0.4655424717205215,-0.08909592710486548,-1.578462589097085,0.05687923022650925,0.7965164830864438,-0.17239102227032166,0.3717131775772623,0.8698246301582283,0.466821168854444
24.0,1.42685368093055,0.008105335626013385,0.008666811010535121,0.11319056730662301,-0.08951115212048524,-1.5756735456589235,0.05837225050015843,0.7970046137054979,-0.17545206125288557,0.36841139688578706,0.866894592198257,0.46539673065831777,-0.08920253861385755,-1.5781811841561402,0.05832310759598949,0.7970425626842328,-0.1724012453345441,0.3738051274487746,0.8710870861541827,0.46722219076659827
24.0,2.0132486299029995,0.010689822077271675,0.010756912696470812,0.11474657291569519,-0.08969210408741354,-1.5752453110508142,0.06031132237837087,0.7977208488577631,-0.17526577647370437,0.36895923737969455,0.866891299391049,0.4651871664607104,-0.08934468729251363,-1.577805977568214,0.060248277421963155,0.7977440021479515,-0.17241487608684067,0.37659439394412425,0.8727703608154554,0.46775688664947057
24.0,2.4219797339182394,0.02272137011869825,0.018008377002773003,0.1188885640701233,-0.09019286535503111,-1.573951182361552,0.06701450445713712,0.8001659335285077,-0.17517737458672628,0.3653176039162323,0.8715846863716504,0.466534556191067,-0.08984220766780994,-1.576492754510472,0.06698637181287097,0.800199040270967,-0.17246258371987871,0.3863568266778482,0.8786618221299096,0.4696283222395237
24.0,2.9122056540695866,0.028731275451484153,0.02043146072462253,0.11974430580197275,-0.09040705087338145,-1.573374533826565,0.0683899780253387,0.8004757237753929,-0.1752481073719123,0.3631809882323023,0.8740995475422605,0.4673321040546781,-0.09005543068579407,-1.5759299446285828,0.06987412655183145,0.801251199466545,-0.1724830298483236,0.39054072642087273,0.8811867341218186,0.4704303660638322
24.0,3.514152025921298,0.03395722539818123,0.022175488355932197,0.12013173075306709,-0.09058489990464519,-1.57289463121855,0.06893456739995223,0.8004400666242015,-0.17526906934112194,0.36139585817802167,0.8762007036694776,0.46800201693228766,-0.09023311653411419,-1.575460936393675,0.07228058883429853,0.8021279987961933,-0.1725000682886943,0.3940273095400599,0.8832908274484094,0.47109873591742263
24.0,4.000783653610898,0.038227372441706535,0.023718507008760683,0.12047247956873834,-0.09070037045955938,-1.5725805986352976,0.06935833036445327,0.8004047126128127,-0.17527768303478183,0.35996389545094754,0.8778869092054752,0.46853733819581095,-0.09037526521277027,-1.5750857298057488,0.0742057586602722,0.802829438259912,-0.1725136990409909,0.39681657603540954,0.884974102109682,0.47163343180029493
24.0,4.590958750555645,0.04379069309394756,0.02598830165147006,0.1209866554449002,-0.09095668602062588,-1.5719179441834923,0.06986349721785255,0.8003502752118071,-0.17531201430208848,0.35801378662558203,0.8801409219462998,0.4692821407751487,-0.09055295106109038,-1.5746167215708409,0.07661222094273927,0.8037062375895604,-0.1725307374813616,0.4003031591545967,0.8870781954362728,0.47230180165388536
24.0,4.994350958719051,0.04693107497782791,0.027126667268676685,0.12127792182783992,-0.09101145581494272,-1.5717664002219476,0.07014794042763453,0.8003080206229508,-0.17530529569199763,0.3571161456185726,0.8812398791196429,0.46960177050990765,-0.09065956257008244,-1.5743353166298963,0.07805609831221952,0.8042323171873494,-0.17254096054558404,0.4023951090261089,0.8883406514322273,0.4727028235660396
24.0,6.017307725272708,0.8868452557784267,0.42537990901748407,0.43333517815418665,-0.11722342075834499,-1.504760693057274,0.012623009259903254,0.9247781733608242,-0.17765869703669432,0.11323556910702594,1.154393327591208,0.564412145089646,-0.11599756454053006,-1.5074547423320435,0.4212176197920244,0.9292639015952067,-0.17497064214244978,0.899581861822192,1.1883843598040742,0.5680123646880314
24.0,7.059275773763222,1.1406547961076299,0.5765921731964142,0.5795074509841122,-0.12468060612463881,-1.486665276217046,-0.0009333514073022318,0.9569568759955402,-0.17831435081471828,0.015532441684163598,1.2610182322315682,0.5902952619776964,-0.12282070111602228,-1.4894448261115838,0.5136257714387601,0.9629329958537038,-0.17562491825268572,1.0334666535989774,1.2691815435451606,0.593677767065903
24.0,7.971506319609126,1.1698110896939775,0.5913860763304719,0.5939706337313772,-0.1258901787824255,-1.4844266660081615,-0.0017060170203689873,0.9598958268554756,-0.17839254055078382,0.005835689480890107,1.2710842646786413,0.5934946912643484,-0.1236735931879588,-1.4871935865840262,0.5251767903946021,0.967141632636016,-0.17570670276646522,1.0502022525710757,1.2792811915127964,0.596885942363137
24.0,9.080202804468705,1.1925325437714522,0.6013721274839643,0.6037800976695549,-0.1269457872393135,-1.482475117383447,-0.0023640277771692715,0.9623042361466313,-0.17839794316301025,-0.00045530214504252566,1.277743467115602,0.5957957129524174,-0.12438433658123924,-1.485317553644395,0.5348026395244703,0.9706488299546095,-0.17577485652794814,1.064148585047824,1.2876975648191595,0.5995594217774985
48.0,0.46196695568803303,0.00236298427401119,0.004943785762461182,0.11008205167411139,-0.08908490108754726,-1.5776627283893432,0.05447776034134578,0.7956415422331078,-0.17400942156889088,0.3674058173822884,0.8670102767650308,0.4658477392688887,-0.08891824125654536,-1.5789315973319928,0.054472767944042176,0.7956396837567954,-0.17237398382995092,0.36822659445807515,0.8677205368316375,0.4661527990008536
48.0,0.9692174953113104,0.003369669161121771,0.005884472815995791,0.11090016052684035,-0.08873723729959083,-1.5770817012800877,0.055083095346919644,0.7963843773127948,-0.17396211474186266,0.3678107388063956,0.8671207482825652,0.4657936715618557,-0.0889893155958734,-1.5787439940380297,0.055435352857029004,0.7959904034886548,-0.17238079920609922,0.36962122770575,0.8685621741622739,0.4664201469422898
48.0,1.484265780477325,0.00416962860877149,0.006982711110573822,0.1118752921271186,-0.08922736056212456,-1.5772855464542963,0.05642089639914491,0.7963273045002552,-0.1738922137418304,0.3682155099497367,0.867227171344207,0.4657395425808717,-0.08906038993520146,-1.5785563907440665,0.05639793777001584,0.7963411232205141,-0.1723876145822475,0.37101586095342487,0.8694038114929101,0.4666874948837259
48.0,2.013301791531134,0.005358665576376203,0.008015706003978376,0.11273705103178455,-0.08930252178253081,-1.5770950711277358,0.057383935760904003,0.7966793853193779,-0.17385617229747438,0.36858563016083384,0.8673052822029106,0.4656694930267733,-0.0891314642745295,-1.5783687874501033,0.057360522683002665,0.7966918429523735,-0.1723944299583958,0.37241049420109973,0.8702454488235465,0.4669548428251621
48.0,2.418088406468129,0.02448381358886767,0.019752180929853445,0.118637707480585,-0.0900138452571496,-1.5752157420867527,0.06701345150761256,0.8001675738264022,-0.17384851715847024,0.3622502250984129,0.8751425660241036,0.4680917775864396,-0.08984220766780994,-1.576492754510472,0.06698637181287097,0.800199040270967,-0.17246258371987871,0.3863568266778482,0.8786618221299096,0.4696283222395237
48.0,3.026404917242851,0.029767714697535787,0.022514303038345625,0.11964229204980582,-0.090210362835014,-1.5747024387110156,0.06844105368033124,0.8005875748568702,-0.17387305336777276,0.36040116376020626,0.8772865425134093,0.46878114620019207,-0.09001989351613005,-1.5760237462755644,0.06939283409533804,0.8010758396006153,-0.17247962216024942,0.3898434097970353,0.8807659154565004,0.47029669209311414
48.0,3.4587915090013164,0.031807905234283375,0.02336582231925431,0.11990957308737636,-0.09024960192415331,-1.5745871376728102,0.06877027691700176,0.800624687364874,-0.17387242736121541,0.3597704810722638,0.8780731975212798,0.46902070247187577,-0.09009096785545809,-1.5758361429816012,0.07035541900832487,0.8014265593324746,-0.17248643753639772,0.39123804304471016,0.8816075527871368,0.47056404003455027
48.0,4.053806275778351,0.0350932753523553,0.02484957922686767,0.120316492334985,-0.09039393086361025,-1.5742014215426252,0.06925804425174817,0.8006832150576814,-0.17389258850400954,0.3586134252833183,0.8793900660380333,0.4694485291464193,-0.09019757936445015,-1.5755547380406565,0.07179929637780512,0.8019526389302637,-0.17249666060062016,0.39332999291622245,0.8828700087830912,0.4709650619467045
48.0,4.5021718326712605,0.03716152532112608,0.025727697679461214,0.120590986028445,-0.09042061773319567,-1.5741188532142383,0.0695661591196702,0.8007132505467741,-0.17388765270828752,0.35798430312711443,0.8801749689514008,0.46968929197076204,-0.0902686537037782,-1.5753671347466935,0.07276188129079195,0.802303358662123,-0.17250347597676846,0.39472462616389725,0.8837116461137275,0.4712324098881407
48.0,4.934054067025169,0.039320746923026006,0.02668760759773809,0.12086726007503441,-0.09048639357371643,-1.5739391983612063,0.06986259108618442,0.8007373751808908,-0.17389498988977806,0.35727147160102773,0.8810147742677839,0.4699556347794014,-0.09033972804310625,-1.5751795314527304,0.07372446620377877,0.8026540783939824,-0.17251029135291673,0.3961192594115721,0.8845532834443639,0.47149975782957687
48.0,6.023405741319436,0.8902796179712792,0.4309652629186997,0.43841254367632965,-0.11660105132837179,-1.5061085344524825,0.011448477285301772,0.9270217960819085,-0.17631995146068324,0.10980319710860956,1.1579796991257665,0.5662120169625343,-0.11599756454053006,-1.5074547423320435,0.4212176197920244,0.9292639015952067,-0.17497064214244978,0.899581861822192,1.1883843598040742,0.5680123646880314
48.0,7.079664646423338,1.1201574290829073,0.5703157917551648,0.5731491954237647,-0.12300047238038046,-1.489970402536675,-0.0009550896826832705,0.9564161780580599,-0.17690793904566351,0.019650198825815892,1.2567021596332595,0.5893214208278317,-0.12210995772274183,-1.491320859051215,0.5039999223088918,0.9594257985351105,-0.1755567644912028,1.019520321122229,1.2607651702387974,0.5910042876515413
48.0,8.003813214641529,1.144505951919787,0.5827782374949582,0.5853340857439527,-0.1239139456361102,-1.4880222946868276,-0.0017425419075797696,0.9592809288471371,-0.1769738993599361,0.011580412322835108,1.2651001462973925,0.5919891159156438,-0.12282070111602228,-1.4894448261115838,0.5136257714387601,0.9629329958537038,-0.17562491825268572,1.0334666535989774,1.2691815435451606,0.593677767065903
48.0,8.929547979216576,1.16899589811041,0.5953976483800809,0.5976742508664578,-0.12487483990798257,-1.485991907179824,-0.002562275810228941,0.9621236729165769,-0.17705345001513395,0.0033692086941941486,1.2735706765210524,0.5946916790610457,-0.12353144450930272,-1.4875687931719526,0.5232516205686284,0.9664401931722973,-0.17569307201416864,1.047412986075726,1.2775979168515237,0.5963512464802646
